"Brazil,BRA,2021-01-16,0.0,0.0,,,,0.0,0.0,,,""Johnson&Johnson, Oxford/AstraZeneca, Pfizer/BioNTech, Sinovac"",Ministry of Health,https://qsprod.saude.gov.br/extensions/DEMAS_C19Vacina/DEMAS_C19Vacina.html"
"Brazil,BRA,2021-01-17,112.0,112.0,,112.0,112.0,0.0,0.0,,1.0,""Johnson&Johnson, Oxford/AstraZeneca, Pfizer/BioNTech, Sinovac"",Ministry of Health,https://qsprod.saude.gov.br/extensions/DEMAS_C19Vacina/DEMAS_C19Vacina.html"
"Brazil,BRA,2021-01-18,1109.0,1109.0,,997.0,554.0,0.0,0.0,,3.0,""Johnson&Johnson, Oxford/AstraZeneca, Pfizer/BioNTech, Sinovac"",Ministry of Health,https://qsprod.saude.gov.br/extensions/DEMAS_C19Vacina/DEMAS_C19Vacina.html"
"Brazil,BRA,2021-01-19,11470.0,11470.0,,10361.0,3823.0,0.01,0.01,,18.0,""Johnson&Johnson, Oxford/AstraZeneca, Pfizer/BioNTech, Sinovac"",Ministry of Health,https://qsprod.saude.gov.br/extensions/DEMAS_C19Vacina/DEMAS_C19Vacina.html"
"Brazil,BRA,2021-01-20,28543.0,28543.0,,17073.0,7136.0,0.01,0.01,,33.0,""Johnson&Johnson, Oxford/AstraZeneca, Pfizer/BioNTech, Sinovac"",Ministry of Health,https://qsprod.saude.gov.br/extensions/DEMAS_C19Vacina/DEMAS_C19Vacina.html"
"Brazil,BRA,2021-01-21,136519.0,136519.0,,107976.0,27304.0,0.06,0.06,,128.0,""Johnson&Johnson, Oxford/AstraZeneca, Pfizer/BioNTech, Sinovac"",Ministry of Health,https://qsprod.saude.gov.br/extensions/DEMAS_C19Vacina/DEMAS_C19Vacina.html"
"Brazil,BRA,2021-01-22,245877.0,245877.0,,109358.0,40980.0,0.11,0.11,,192.0,""Johnson&Johnson, Oxford/AstraZeneca, Pfizer/BioNTech, Sinovac"",Ministry of Health,https://qsprod.saude.gov.br/extensions/DEMAS_C19Vacina/DEMAS_C19Vacina.html"
"Brazil,BRA,2021-01-23,537774.0,537774.0,,291897.0,76825.0,0.25,0.25,,359.0,""Johnson&Johnson, Oxford/AstraZeneca, Pfizer/BioNTech, Sinovac"",Ministry of Health,https://qsprod.saude.gov.br/extensions/DEMAS_C19Vacina/DEMAS_C19Vacina.html"
"Brazil,BRA,2021-01-24,604722.0,604722.0,,66948.0,86373.0,0.28,0.28,,404.0,""Johnson&Johnson, Oxford/AstraZeneca, Pfizer/BioNTech, Sinovac"",Ministry of Health,https://qsprod.saude.gov.br/extensions/DEMAS_C19Vacina/DEMAS_C19Vacina.html"
"Brazil,BRA,2021-01-25,700608.0,700608.0,,95886.0,99928.0,0.33,0.33,,467.0,""Johnson&Johnson, Oxford/AstraZeneca, Pfizer/BioNTech, Sinovac"",Ministry of Health,https://qsprod.saude.gov.br/extensions/DEMAS_C19Vacina/DEMAS_C19Vacina.html"
"Brazil,BRA,2021-01-26,848883.0,848883.0,,148275.0,119630.0,0.4,0.4,,559.0,""Johnson&Johnson, Oxford/AstraZeneca, Pfizer/BioNTech, Sinovac"",Ministry of Health,https://qsprod.saude.gov.br/extensions/DEMAS_C19Vacina/DEMAS_C19Vacina.html"
"Brazil,BRA,2021-01-27,1129885.0,1129885.0,,281002.0,157335.0,0.53,0.53,,735.0,""Johnson&Johnson, Oxford/AstraZeneca, Pfizer/BioNTech, Sinovac"",Ministry of Health,https://qsprod.saude.gov.br/extensions/DEMAS_C19Vacina/DEMAS_C19Vacina.html"
"Brazil,BRA,2021-01-28,1450900.0,1450900.0,,321015.0,187769.0,0.68,0.68,,877.0,""Johnson&Johnson, Oxford/AstraZeneca, Pfizer/BioNTech, Sinovac"",Ministry of Health,https://qsprod.saude.gov.br/extensions/DEMAS_C19Vacina/DEMAS_C19Vacina.html"
"Brazil,BRA,2021-01-29,1668032.0,1656851.0,,217132.0,203165.0,0.78,0.77,,949.0,""Johnson&Johnson, Oxford/AstraZeneca, Pfizer/BioNTech, Sinovac"",Ministry of Health,https://qsprod.saude.gov.br/extensions/DEMAS_C19Vacina/DEMAS_C19Vacina.html"
"Brazil,BRA,2021-01-30,2003211.0,1923813.0,,335179.0,209348.0,0.94,0.9,,978.0,""Johnson&Johnson, Oxford/AstraZeneca, Pfizer/BioNTech, Sinovac"",Ministry of Health,https://qsprod.saude.gov.br/extensions/DEMAS_C19Vacina/DEMAS_C19Vacina.html"
"Brazil,BRA,2021-01-31,2074059.0,2046523.0,,70848.0,209905.0,0.97,0.96,,981.0,""Johnson&Johnson, Oxford/AstraZeneca, Pfizer/BioNTech, Sinovac"",Ministry of Health,https://qsprod.saude.gov.br/extensions/DEMAS_C19Vacina/DEMAS_C19Vacina.html"
"Brazil,BRA,2021-02-01,2124307.0,2107624.0,,50248.0,203386.0,0.99,0.98,,950.0,""Johnson&Johnson, Oxford/AstraZeneca, Pfizer/BioNTech, Sinovac"",Ministry of Health,https://qsprod.saude.gov.br/extensions/DEMAS_C19Vacina/DEMAS_C19Vacina.html"
"Brazil,BRA,2021-02-02,2292551.0,2292551.0,,168244.0,206238.0,1.07,1.07,,964.0,""Johnson&Johnson, Oxford/AstraZeneca, Pfizer/BioNTech, Sinovac"",Ministry of Health,https://qsprod.saude.gov.br/extensions/DEMAS_C19Vacina/DEMAS_C19Vacina.html"
"Brazil,BRA,2021-02-03,2521704.0,2521704.0,,229153.0,198831.0,1.18,1.18,,929.0,""Johnson&Johnson, Oxford/AstraZeneca, Pfizer/BioNTech, Sinovac"",Ministry of Health,https://qsprod.saude.gov.br/extensions/DEMAS_C19Vacina/DEMAS_C19Vacina.html"
"Brazil,BRA,2021-02-04,3073057.0,3073057.0,,551353.0,231737.0,1.44,1.44,,1083.0,""Johnson&Johnson, Oxford/AstraZeneca, Pfizer/BioNTech, Sinovac"",Ministry of Health,https://qsprod.saude.gov.br/extensions/DEMAS_C19Vacina/DEMAS_C19Vacina.html"
"Brazil,BRA,2021-02-05,3074906.0,3074906.0,,1849.0,200982.0,1.44,1.44,,939.0,""Johnson&Johnson, Oxford/AstraZeneca, Pfizer/BioNTech, Sinovac"",Ministry of Health,https://qsprod.saude.gov.br/extensions/DEMAS_C19Vacina/DEMAS_C19Vacina.html"
"Brazil,BRA,2021-02-06,3401383.0,3399421.0,1962.0,326477.0,199739.0,1.59,1.59,0.0,933.0,""Johnson&Johnson, Oxford/AstraZeneca, Pfizer/BioNTech, Sinovac"",Ministry of Health,https://qsprod.saude.gov.br/extensions/DEMAS_C19Vacina/DEMAS_C19Vacina.html"
"Brazil,BRA,2021-02-07,3553681.0,3534004.0,19677.0,152298.0,211375.0,1.66,1.65,0.01,988.0,""Johnson&Johnson, Oxford/AstraZeneca, Pfizer/BioNTech, Sinovac"",Ministry of Health,https://qsprod.saude.gov.br/extensions/DEMAS_C19Vacina/DEMAS_C19Vacina.html"
"Brazil,BRA,2021-02-08,3605538.0,3579850.0,25688.0,51857.0,211604.0,1.68,1.67,0.01,989.0,""Johnson&Johnson, Oxford/AstraZeneca, Pfizer/BioNTech, Sinovac"",Ministry of Health,https://qsprod.saude.gov.br/extensions/DEMAS_C19Vacina/DEMAS_C19Vacina.html"
"Brazil,BRA,2021-02-09,3820207.0,3786591.0,33616.0,214669.0,218237.0,1.79,1.77,0.02,1020.0,""Johnson&Johnson, Oxford/AstraZeneca, Pfizer/BioNTech, Sinovac"",Ministry of Health,https://qsprod.saude.gov.br/extensions/DEMAS_C19Vacina/DEMAS_C19Vacina.html"
"Brazil,BRA,2021-02-10,4120332.0,4069677.0,50655.0,300125.0,228375.0,1.93,1.9,0.02,1067.0,""Johnson&Johnson, Oxford/AstraZeneca, Pfizer/BioNTech, Sinovac"",Ministry of Health,https://qsprod.saude.gov.br/extensions/DEMAS_C19Vacina/DEMAS_C19Vacina.html"
"Brazil,BRA,2021-02-11,4406835.0,4326075.0,80760.0,286503.0,190540.0,2.06,2.02,0.04,890.0,""Johnson&Johnson, Oxford/AstraZeneca, Pfizer/BioNTech, Sinovac"",Ministry of Health,https://qsprod.saude.gov.br/extensions/DEMAS_C19Vacina/DEMAS_C19Vacina.html"
"Brazil,BRA,2021-02-12,4696136.0,4586270.0,109866.0,289301.0,231604.0,2.19,2.14,0.05,1082.0,""Johnson&Johnson, Oxford/AstraZeneca, Pfizer/BioNTech, Sinovac"",Ministry of Health,https://qsprod.saude.gov.br/extensions/DEMAS_C19Vacina/DEMAS_C19Vacina.html"
"Brazil,BRA,2021-02-13,5125206.0,4946738.0,178468.0,429070.0,246260.0,2.4,2.31,0.08,1151.0,""Johnson&Johnson, Oxford/AstraZeneca, Pfizer/BioNTech, Sinovac"",Ministry of Health,https://qsprod.saude.gov.br/extensions/DEMAS_C19Vacina/DEMAS_C19Vacina.html"
"Brazil,BRA,2021-02-14,5236943.0,5042713.0,194230.0,111737.0,240466.0,2.45,2.36,0.09,1124.0,""Johnson&Johnson, Oxford/AstraZeneca, Pfizer/BioNTech, Sinovac"",Ministry of Health,https://qsprod.saude.gov.br/extensions/DEMAS_C19Vacina/DEMAS_C19Vacina.html"
"Brazil,BRA,2021-02-15,5293979.0,5076110.0,217869.0,57036.0,241206.0,2.47,2.37,0.1,1127.0,""Johnson&Johnson, Oxford/AstraZeneca, Pfizer/BioNTech, Sinovac"",Ministry of Health,https://qsprod.saude.gov.br/extensions/DEMAS_C19Vacina/DEMAS_C19Vacina.html"
"Brazil,BRA,2021-02-16,5609937.0,5324317.0,285620.0,315958.0,255676.0,2.62,2.49,0.13,1195.0,""Johnson&Johnson, Oxford/AstraZeneca, Pfizer/BioNTech, Sinovac"",Ministry of Health,https://qsprod.saude.gov.br/extensions/DEMAS_C19Vacina/DEMAS_C19Vacina.html"
"Brazil,BRA,2021-02-17,5883539.0,5326007.0,557532.0,273602.0,251887.0,2.75,2.49,0.26,1177.0,""Johnson&Johnson, Oxford/AstraZeneca, Pfizer/BioNTech, Sinovac"",Ministry of Health,https://qsprod.saude.gov.br/extensions/DEMAS_C19Vacina/DEMAS_C19Vacina.html"
"Brazil,BRA,2021-02-18,6206680.0,5482925.0,723755.0,323141.0,257121.0,2.9,2.56,0.34,1202.0,""Johnson&Johnson, Oxford/AstraZeneca, Pfizer/BioNTech, Sinovac"",Ministry of Health,https://qsprod.saude.gov.br/extensions/DEMAS_C19Vacina/DEMAS_C19Vacina.html"
"Brazil,BRA,2021-02-19,6535156.0,5640483.0,894673.0,328476.0,262717.0,3.05,2.64,0.42,1228.0,""Johnson&Johnson, Oxford/AstraZeneca, Pfizer/BioNTech, Sinovac"",Ministry of Health,https://qsprod.saude.gov.br/extensions/DEMAS_C19Vacina/DEMAS_C19Vacina.html"
"Brazil,BRA,2021-02-20,6813168.0,5756361.0,1056807.0,278012.0,241137.0,3.18,2.69,0.49,1127.0,""Johnson&Johnson, Oxford/AstraZeneca, Pfizer/BioNTech, Sinovac"",Ministry of Health,https://qsprod.saude.gov.br/extensions/DEMAS_C19Vacina/DEMAS_C19Vacina.html"
"Brazil,BRA,2021-02-21,6950802.0,5817908.0,1132894.0,137634.0,244837.0,3.25,2.72,0.53,1144.0,""Johnson&Johnson, Oxford/AstraZeneca, Pfizer/BioNTech, Sinovac"",Ministry of Health,https://qsprod.saude.gov.br/extensions/DEMAS_C19Vacina/DEMAS_C19Vacina.html"
"Brazil,BRA,2021-02-22,7028356.0,5857080.0,1171276.0,77554.0,247768.0,3.28,2.74,0.55,1158.0,""Johnson&Johnson, Oxford/AstraZeneca, Pfizer/BioNTech, Sinovac"",Ministry of Health,https://qsprod.saude.gov.br/extensions/DEMAS_C19Vacina/DEMAS_C19Vacina.html"
"Brazil,BRA,2021-02-23,7297061.0,6002873.0,1294188.0,268705.0,241018.0,3.41,2.81,0.6,1126.0,""Johnson&Johnson, Oxford/AstraZeneca, Pfizer/BioNTech, Sinovac"",Ministry of Health,https://qsprod.saude.gov.br/extensions/DEMAS_C19Vacina/DEMAS_C19Vacina.html"
"Brazil,BRA,2021-02-24,7551676.0,6116082.0,1435594.0,254615.0,238305.0,3.53,2.86,0.67,1114.0,""Johnson&Johnson, Oxford/AstraZeneca, Pfizer/BioNTech, Sinovac"",Ministry of Health,https://qsprod.saude.gov.br/extensions/DEMAS_C19Vacina/DEMAS_C19Vacina.html"
"Brazil,BRA,2021-02-25,7799000.0,6202055.0,1596945.0,247324.0,227474.0,3.64,2.9,0.75,1063.0,""Johnson&Johnson, Oxford/AstraZeneca, Pfizer/BioNTech, Sinovac"",Ministry of Health,https://qsprod.saude.gov.br/extensions/DEMAS_C19Vacina/DEMAS_C19Vacina.html"
"Brazil,BRA,2021-02-26,8101787.0,6346769.0,1755018.0,302787.0,223804.0,3.79,2.97,0.82,1046.0,""Johnson&Johnson, Oxford/AstraZeneca, Pfizer/BioNTech, Sinovac"",Ministry of Health,https://qsprod.saude.gov.br/extensions/DEMAS_C19Vacina/DEMAS_C19Vacina.html"
"Brazil,BRA,2021-02-27,8322042.0,6437836.0,1884206.0,220255.0,215553.0,3.89,3.01,0.88,1007.0,""Johnson&Johnson, Oxford/AstraZeneca, Pfizer/BioNTech, Sinovac"",Ministry of Health,https://qsprod.saude.gov.br/extensions/DEMAS_C19Vacina/DEMAS_C19Vacina.html"
"Brazil,BRA,2021-02-28,8433568.0,6518628.0,1914940.0,111526.0,211824.0,3.94,3.05,0.89,990.0,""Johnson&Johnson, Oxford/AstraZeneca, Pfizer/BioNTech, Sinovac"",Ministry of Health,https://qsprod.saude.gov.br/extensions/DEMAS_C19Vacina/DEMAS_C19Vacina.html"
"Brazil,BRA,2021-03-01,8465403.0,6542206.0,1923197.0,31835.0,205292.0,3.96,3.06,0.9,959.0,""Johnson&Johnson, Oxford/AstraZeneca, Pfizer/BioNTech, Sinovac"",Ministry of Health,https://qsprod.saude.gov.br/extensions/DEMAS_C19Vacina/DEMAS_C19Vacina.html"
"Brazil,BRA,2021-03-02,8841027.0,6806293.0,2034734.0,375624.0,220567.0,4.13,3.18,0.95,1031.0,""Johnson&Johnson, Oxford/AstraZeneca, Pfizer/BioNTech, Sinovac"",Ministry of Health,https://qsprod.saude.gov.br/extensions/DEMAS_C19Vacina/DEMAS_C19Vacina.html"
"Brazil,BRA,2021-03-03,9277322.0,7114219.0,2163103.0,436295.0,246521.0,4.34,3.32,1.01,1152.0,""Johnson&Johnson, Oxford/AstraZeneca, Pfizer/BioNTech, Sinovac"",Ministry of Health,https://qsprod.saude.gov.br/extensions/DEMAS_C19Vacina/DEMAS_C19Vacina.html"
"Brazil,BRA,2021-03-04,9739676.0,7417852.0,2321824.0,462354.0,277239.0,4.55,3.47,1.08,1296.0,""Johnson&Johnson, Oxford/AstraZeneca, Pfizer/BioNTech, Sinovac"",Ministry of Health,https://qsprod.saude.gov.br/extensions/DEMAS_C19Vacina/DEMAS_C19Vacina.html"
"Brazil,BRA,2021-03-05,10169160.0,7701146.0,2468014.0,429484.0,295339.0,4.75,3.6,1.15,1380.0,""Johnson&Johnson, Oxford/AstraZeneca, Pfizer/BioNTech, Sinovac"",Ministry of Health,https://qsprod.saude.gov.br/extensions/DEMAS_C19Vacina/DEMAS_C19Vacina.html"
"Brazil,BRA,2021-03-06,,,,,269398.0,,,,1259.0,""Johnson&Johnson, Oxford/AstraZeneca, Pfizer/BioNTech, Sinovac"",Ministry of Health,https://qsprod.saude.gov.br/extensions/DEMAS_C19Vacina/DEMAS_C19Vacina.html"
"Brazil,BRA,2021-03-07,,,,,258989.0,,,,1210.0,""Johnson&Johnson, Oxford/AstraZeneca, Pfizer/BioNTech, Sinovac"",Ministry of Health,https://qsprod.saude.gov.br/extensions/DEMAS_C19Vacina/DEMAS_C19Vacina.html"
"Brazil,BRA,2021-03-08,,,,,259965.0,,,,1215.0,""Johnson&Johnson, Oxford/AstraZeneca, Pfizer/BioNTech, Sinovac"",Ministry of Health,https://qsprod.saude.gov.br/extensions/DEMAS_C19Vacina/DEMAS_C19Vacina.html"
"Brazil,BRA,2021-03-09,,,,,211828.0,,,,990.0,""Johnson&Johnson, Oxford/AstraZeneca, Pfizer/BioNTech, Sinovac"",Ministry of Health,https://qsprod.saude.gov.br/extensions/DEMAS_C19Vacina/DEMAS_C19Vacina.html"
"Brazil,BRA,2021-03-10,10362487.0,7851531.0,2510956.0,,155024.0,4.84,3.67,1.17,724.0,""Johnson&Johnson, Oxford/AstraZeneca, Pfizer/BioNTech, Sinovac"",Ministry of Health,https://qsprod.saude.gov.br/extensions/DEMAS_C19Vacina/DEMAS_C19Vacina.html"
"Brazil,BRA,2021-03-11,10740859.0,8092244.0,2648615.0,378372.0,143026.0,5.02,3.78,1.24,668.0,""Johnson&Johnson, Oxford/AstraZeneca, Pfizer/BioNTech, Sinovac"",Ministry of Health,https://qsprod.saude.gov.br/extensions/DEMAS_C19Vacina/DEMAS_C19Vacina.html"
"Brazil,BRA,2021-03-12,11149530.0,8360366.0,2789164.0,408671.0,140053.0,5.21,3.91,1.3,654.0,""Johnson&Johnson, Oxford/AstraZeneca, Pfizer/BioNTech, Sinovac"",Ministry of Health,https://qsprod.saude.gov.br/extensions/DEMAS_C19Vacina/DEMAS_C19Vacina.html"
"Brazil,BRA,2021-03-13,11362190.0,8512960.0,2849230.0,212660.0,164909.0,5.31,3.98,1.33,771.0,""Johnson&Johnson, Oxford/AstraZeneca, Pfizer/BioNTech, Sinovac"",Ministry of Health,https://qsprod.saude.gov.br/extensions/DEMAS_C19Vacina/DEMAS_C19Vacina.html"
"Brazil,BRA,2021-03-14,11422666.0,8561847.0,2860819.0,60476.0,168025.0,5.34,4.0,1.34,785.0,""Johnson&Johnson, Oxford/AstraZeneca, Pfizer/BioNTech, Sinovac"",Ministry of Health,https://qsprod.saude.gov.br/extensions/DEMAS_C19Vacina/DEMAS_C19Vacina.html"
"Brazil,BRA,2021-03-15,11895560.0,8919356.0,2976204.0,472894.0,230058.0,5.56,4.17,1.39,1075.0,""Johnson&Johnson, Oxford/AstraZeneca, Pfizer/BioNTech, Sinovac"",Ministry of Health,https://qsprod.saude.gov.br/extensions/DEMAS_C19Vacina/DEMAS_C19Vacina.html"
"Brazil,BRA,2021-03-16,,,,,280729.0,,,,1312.0,""Johnson&Johnson, Oxford/AstraZeneca, Pfizer/BioNTech, Sinovac"",Ministry of Health,https://qsprod.saude.gov.br/extensions/DEMAS_C19Vacina/DEMAS_C19Vacina.html"
"Brazil,BRA,2021-03-17,12682290.0,9451188.0,3231102.0,,331400.0,5.93,4.42,1.51,1549.0,""Johnson&Johnson, Oxford/AstraZeneca, Pfizer/BioNTech, Sinovac"",Ministry of Health,https://qsprod.saude.gov.br/extensions/DEMAS_C19Vacina/DEMAS_C19Vacina.html"
"Brazil,BRA,2021-03-18,13013331.0,9709526.0,3303805.0,331041.0,324639.0,6.08,4.54,1.54,1517.0,""Johnson&Johnson, Oxford/AstraZeneca, Pfizer/BioNTech, Sinovac"",Ministry of Health,https://qsprod.saude.gov.br/extensions/DEMAS_C19Vacina/DEMAS_C19Vacina.html"
"Brazil,BRA,2021-03-19,13335728.0,9970231.0,3365497.0,322397.0,312314.0,6.23,4.66,1.57,1459.0,""Johnson&Johnson, Oxford/AstraZeneca, Pfizer/BioNTech, Sinovac"",Ministry of Health,https://qsprod.saude.gov.br/extensions/DEMAS_C19Vacina/DEMAS_C19Vacina.html"
"Brazil,BRA,2021-03-20,13479165.0,10099070.0,3380095.0,143437.0,302425.0,6.3,4.72,1.58,1413.0,""Johnson&Johnson, Oxford/AstraZeneca, Pfizer/BioNTech, Sinovac"",Ministry of Health,https://qsprod.saude.gov.br/extensions/DEMAS_C19Vacina/DEMAS_C19Vacina.html"
"Brazil,BRA,2021-03-21,13562176.0,10168973.0,3393203.0,83011.0,305644.0,6.34,4.75,1.59,1428.0,""Johnson&Johnson, Oxford/AstraZeneca, Pfizer/BioNTech, Sinovac"",Ministry of Health,https://qsprod.saude.gov.br/extensions/DEMAS_C19Vacina/DEMAS_C19Vacina.html"
"Brazil,BRA,2021-03-22,14116560.0,10609471.0,3507089.0,554384.0,317286.0,6.6,4.96,1.64,1483.0,""Johnson&Johnson, Oxford/AstraZeneca, Pfizer/BioNTech, Sinovac"",Ministry of Health,https://qsprod.saude.gov.br/extensions/DEMAS_C19Vacina/DEMAS_C19Vacina.html"
"Brazil,BRA,2021-03-23,15209201.0,11559487.0,3649714.0,1092641.0,417182.0,7.11,5.4,1.71,1950.0,""Johnson&Johnson, Oxford/AstraZeneca, Pfizer/BioNTech, Sinovac"",Ministry of Health,https://qsprod.saude.gov.br/extensions/DEMAS_C19Vacina/DEMAS_C19Vacina.html"
"Brazil,BRA,2021-03-24,15943964.0,12148769.0,3795195.0,734763.0,465953.0,7.45,5.68,1.77,2177.0,""Johnson&Johnson, Oxford/AstraZeneca, Pfizer/BioNTech, Sinovac"",Ministry of Health,https://qsprod.saude.gov.br/extensions/DEMAS_C19Vacina/DEMAS_C19Vacina.html"
"Brazil,BRA,2021-03-25,16557071.0,12639545.0,3917526.0,613107.0,506249.0,7.74,5.91,1.83,2366.0,""Johnson&Johnson, Oxford/AstraZeneca, Pfizer/BioNTech, Sinovac"",Ministry of Health,https://qsprod.saude.gov.br/extensions/DEMAS_C19Vacina/DEMAS_C19Vacina.html"
"Brazil,BRA,2021-03-26,17032868.0,13053114.0,3979754.0,475797.0,528163.0,7.96,6.1,1.86,2468.0,""Johnson&Johnson, Oxford/AstraZeneca, Pfizer/BioNTech, Sinovac"",Ministry of Health,https://qsprod.saude.gov.br/extensions/DEMAS_C19Vacina/DEMAS_C19Vacina.html"
"Brazil,BRA,2021-03-27,17519083.0,13487207.0,4031876.0,486215.0,577131.0,8.19,6.3,1.88,2697.0,""Johnson&Johnson, Oxford/AstraZeneca, Pfizer/BioNTech, Sinovac"",Ministry of Health,https://qsprod.saude.gov.br/extensions/DEMAS_C19Vacina/DEMAS_C19Vacina.html"
"Brazil,BRA,2021-03-28,17706983.0,13659406.0,4047577.0,187900.0,592115.0,8.27,6.38,1.89,2767.0,""Johnson&Johnson, Oxford/AstraZeneca, Pfizer/BioNTech, Sinovac"",Ministry of Health,https://qsprod.saude.gov.br/extensions/DEMAS_C19Vacina/DEMAS_C19Vacina.html"
"Brazil,BRA,2021-03-29,18082153.0,13988029.0,4094124.0,375170.0,566513.0,8.45,6.54,1.91,2647.0,""Johnson&Johnson, Oxford/AstraZeneca, Pfizer/BioNTech, Sinovac"",Ministry of Health,https://qsprod.saude.gov.br/extensions/DEMAS_C19Vacina/DEMAS_C19Vacina.html"
"Brazil,BRA,2021-03-30,18222559.0,14112509.0,4110050.0,140406.0,430480.0,8.52,6.59,1.92,2012.0,""Johnson&Johnson, Oxford/AstraZeneca, Pfizer/BioNTech, Sinovac"",Ministry of Health,https://qsprod.saude.gov.br/extensions/DEMAS_C19Vacina/DEMAS_C19Vacina.html"
"Brazil,BRA,2021-03-31,19155981.0,14921376.0,4234605.0,933422.0,458860.0,8.95,6.97,1.98,2144.0,""Johnson&Johnson, Oxford/AstraZeneca, Pfizer/BioNTech, Sinovac"",Ministry of Health,https://qsprod.saude.gov.br/extensions/DEMAS_C19Vacina/DEMAS_C19Vacina.html"
"Brazil,BRA,2021-04-01,,,,,476765.0,,,,2228.0,""Johnson&Johnson, Oxford/AstraZeneca, Pfizer/BioNTech, Sinovac"",Ministry of Health,https://qsprod.saude.gov.br/extensions/DEMAS_C19Vacina/DEMAS_C19Vacina.html"
"Brazil,BRA,2021-04-02,20632877.0,16099532.0,4533345.0,,514287.0,9.64,7.52,2.12,2403.0,""Johnson&Johnson, Oxford/AstraZeneca, Pfizer/BioNTech, Sinovac"",Ministry of Health,https://qsprod.saude.gov.br/extensions/DEMAS_C19Vacina/DEMAS_C19Vacina.html"
"Brazil,BRA,2021-04-03,20956770.0,16377083.0,4579687.0,323893.0,491098.0,9.79,7.65,2.14,2295.0,""Johnson&Johnson, Oxford/AstraZeneca, Pfizer/BioNTech, Sinovac"",Ministry of Health,https://qsprod.saude.gov.br/extensions/DEMAS_C19Vacina/DEMAS_C19Vacina.html"
"Brazil,BRA,2021-04-04,21070128.0,16472281.0,4597847.0,113358.0,480449.0,9.85,7.7,2.15,2245.0,""Johnson&Johnson, Oxford/AstraZeneca, Pfizer/BioNTech, Sinovac"",Ministry of Health,https://qsprod.saude.gov.br/extensions/DEMAS_C19Vacina/DEMAS_C19Vacina.html"
"Brazil,BRA,2021-04-05,21960953.0,17128933.0,4832020.0,890825.0,554114.0,10.26,8.0,2.26,2589.0,""Johnson&Johnson, Oxford/AstraZeneca, Pfizer/BioNTech, Sinovac"",Ministry of Health,https://qsprod.saude.gov.br/extensions/DEMAS_C19Vacina/DEMAS_C19Vacina.html"
"Brazil,BRA,2021-04-06,22850791.0,17791338.0,5059453.0,889838.0,661176.0,10.68,8.31,2.36,3090.0,""Johnson&Johnson, Oxford/AstraZeneca, Pfizer/BioNTech, Sinovac"",Ministry of Health,https://qsprod.saude.gov.br/extensions/DEMAS_C19Vacina/DEMAS_C19Vacina.html"
"Brazil,BRA,2021-04-07,24197996.0,18859274.0,5338722.0,1347205.0,720288.0,11.31,8.81,2.49,3366.0,""Johnson&Johnson, Oxford/AstraZeneca, Pfizer/BioNTech, Sinovac"",Ministry of Health,https://qsprod.saude.gov.br/extensions/DEMAS_C19Vacina/DEMAS_C19Vacina.html"
"Brazil,BRA,2021-04-08,24981199.0,19386057.0,5595142.0,783203.0,726681.0,11.67,9.06,2.61,3396.0,""Johnson&Johnson, Oxford/AstraZeneca, Pfizer/BioNTech, Sinovac"",Ministry of Health,https://qsprod.saude.gov.br/extensions/DEMAS_C19Vacina/DEMAS_C19Vacina.html"
"Brazil,BRA,2021-04-09,25735314.0,19886870.0,5848444.0,754115.0,728920.0,12.03,9.29,2.73,3406.0,""Johnson&Johnson, Oxford/AstraZeneca, Pfizer/BioNTech, Sinovac"",Ministry of Health,https://qsprod.saude.gov.br/extensions/DEMAS_C19Vacina/DEMAS_C19Vacina.html"
"Brazil,BRA,2021-04-10,26548845.0,20513828.0,6035017.0,813531.0,798868.0,12.41,9.59,2.82,3733.0,""Johnson&Johnson, Oxford/AstraZeneca, Pfizer/BioNTech, Sinovac"",Ministry of Health,https://qsprod.saude.gov.br/extensions/DEMAS_C19Vacina/DEMAS_C19Vacina.html"
"Brazil,BRA,2021-04-11,26741261.0,20654434.0,6086827.0,192416.0,810162.0,12.5,9.65,2.84,3786.0,""Johnson&Johnson, Oxford/AstraZeneca, Pfizer/BioNTech, Sinovac"",Ministry of Health,https://qsprod.saude.gov.br/extensions/DEMAS_C19Vacina/DEMAS_C19Vacina.html"
"Brazil,BRA,2021-04-12,27432994.0,21080623.0,6352371.0,691733.0,781720.0,12.82,9.85,2.97,3653.0,""Johnson&Johnson, Oxford/AstraZeneca, Pfizer/BioNTech, Sinovac"",Ministry of Health,https://qsprod.saude.gov.br/extensions/DEMAS_C19Vacina/DEMAS_C19Vacina.html"
"Brazil,BRA,2021-04-13,30801723.0,23602070.0,7199653.0,3368729.0,1135847.0,14.39,11.03,3.36,5308.0,""Johnson&Johnson, Oxford/AstraZeneca, Pfizer/BioNTech, Sinovac"",Ministry of Health,https://qsprod.saude.gov.br/extensions/DEMAS_C19Vacina/DEMAS_C19Vacina.html"
"Brazil,BRA,2021-04-14,31703967.0,24197321.0,7506646.0,902244.0,1072282.0,14.82,11.31,3.51,5011.0,""Johnson&Johnson, Oxford/AstraZeneca, Pfizer/BioNTech, Sinovac"",Ministry of Health,https://qsprod.saude.gov.br/extensions/DEMAS_C19Vacina/DEMAS_C19Vacina.html"
"Brazil,BRA,2021-04-15,,,,,1004792.0,,,,4695.0,""Johnson&Johnson, Oxford/AstraZeneca, Pfizer/BioNTech, Sinovac"",Ministry of Health,https://qsprod.saude.gov.br/extensions/DEMAS_C19Vacina/DEMAS_C19Vacina.html"
"Brazil,BRA,2021-04-16,,,,,941458.0,,,,4399.0,""Johnson&Johnson, Oxford/AstraZeneca, Pfizer/BioNTech, Sinovac"",Ministry of Health,https://qsprod.saude.gov.br/extensions/DEMAS_C19Vacina/DEMAS_C19Vacina.html"
"Brazil,BRA,2021-04-17,,,,,869635.0,,,,4064.0,""Johnson&Johnson, Oxford/AstraZeneca, Pfizer/BioNTech, Sinovac"",Ministry of Health,https://qsprod.saude.gov.br/extensions/DEMAS_C19Vacina/DEMAS_C19Vacina.html"
"Brazil,BRA,2021-04-18,32947066.0,24350046.0,8597020.0,,886544.0,15.4,11.38,4.02,4143.0,""Johnson&Johnson, Oxford/AstraZeneca, Pfizer/BioNTech, Sinovac"",Ministry of Health,https://qsprod.saude.gov.br/extensions/DEMAS_C19Vacina/DEMAS_C19Vacina.html"
"Brazil,BRA,2021-04-19,33755229.0,24776701.0,8978528.0,808163.0,903176.0,15.77,11.58,4.2,4221.0,""Johnson&Johnson, Oxford/AstraZeneca, Pfizer/BioNTech, Sinovac"",Ministry of Health,https://qsprod.saude.gov.br/extensions/DEMAS_C19Vacina/DEMAS_C19Vacina.html"
"Brazil,BRA,2021-04-20,33807132.0,24805515.0,9001617.0,51903.0,429344.0,15.8,11.59,4.21,2006.0,""Johnson&Johnson, Oxford/AstraZeneca, Pfizer/BioNTech, Sinovac"",Ministry of Health,https://qsprod.saude.gov.br/extensions/DEMAS_C19Vacina/DEMAS_C19Vacina.html"
"Brazil,BRA,2021-04-21,34058640.0,24918188.0,9140452.0,251508.0,336382.0,15.92,11.64,4.27,1572.0,""Johnson&Johnson, Oxford/AstraZeneca, Pfizer/BioNTech, Sinovac"",Ministry of Health,https://qsprod.saude.gov.br/extensions/DEMAS_C19Vacina/DEMAS_C19Vacina.html"
"Brazil,BRA,2021-04-22,35024957.0,25340967.0,9683990.0,966317.0,430031.0,16.37,11.84,4.53,2010.0,""Johnson&Johnson, Oxford/AstraZeneca, Pfizer/BioNTech, Sinovac"",Ministry of Health,https://qsprod.saude.gov.br/extensions/DEMAS_C19Vacina/DEMAS_C19Vacina.html"
"Brazil,BRA,2021-04-23,37112833.0,26398005.0,10714828.0,2087876.0,683902.0,17.34,12.34,5.01,3196.0,""Johnson&Johnson, Oxford/AstraZeneca, Pfizer/BioNTech, Sinovac"",Ministry of Health,https://qsprod.saude.gov.br/extensions/DEMAS_C19Vacina/DEMAS_C19Vacina.html"
"Brazil,BRA,2021-04-24,37730651.0,26687711.0,11042940.0,617818.0,727766.0,17.63,12.47,5.16,3401.0,""Johnson&Johnson, Oxford/AstraZeneca, Pfizer/BioNTech, Sinovac"",Ministry of Health,https://qsprod.saude.gov.br/extensions/DEMAS_C19Vacina/DEMAS_C19Vacina.html"
"Brazil,BRA,2021-04-25,38027113.0,26873143.0,11153970.0,296462.0,725721.0,17.77,12.56,5.21,3391.0,""Johnson&Johnson, Oxford/AstraZeneca, Pfizer/BioNTech, Sinovac"",Ministry of Health,https://qsprod.saude.gov.br/extensions/DEMAS_C19Vacina/DEMAS_C19Vacina.html"
"Brazil,BRA,2021-04-26,38986878.0,27345796.0,11641082.0,959765.0,747378.0,18.22,12.78,5.44,3493.0,""Johnson&Johnson, Oxford/AstraZeneca, Pfizer/BioNTech, Sinovac"",Ministry of Health,https://qsprod.saude.gov.br/extensions/DEMAS_C19Vacina/DEMAS_C19Vacina.html"
"Brazil,BRA,2021-04-27,40168799.0,27920546.0,12248253.0,1181921.0,908810.0,18.77,13.05,5.72,4247.0,""Johnson&Johnson, Oxford/AstraZeneca, Pfizer/BioNTech, Sinovac"",Ministry of Health,https://qsprod.saude.gov.br/extensions/DEMAS_C19Vacina/DEMAS_C19Vacina.html"
"Brazil,BRA,2021-04-28,41003659.0,28312000.0,12691659.0,834860.0,992146.0,19.16,13.23,5.93,4636.0,""Johnson&Johnson, Oxford/AstraZeneca, Pfizer/BioNTech, Sinovac"",Ministry of Health,https://qsprod.saude.gov.br/extensions/DEMAS_C19Vacina/DEMAS_C19Vacina.html"
"Brazil,BRA,2021-04-29,41989957.0,28778338.0,13211619.0,986298.0,995000.0,19.62,13.45,6.17,4650.0,""Johnson&Johnson, Oxford/AstraZeneca, Pfizer/BioNTech, Sinovac"",Ministry of Health,https://qsprod.saude.gov.br/extensions/DEMAS_C19Vacina/DEMAS_C19Vacina.html"
"Brazil,BRA,2021-04-30,42698862.0,29149512.0,13549350.0,708905.0,798004.0,19.95,13.62,6.33,3729.0,""Johnson&Johnson, Oxford/AstraZeneca, Pfizer/BioNTech, Sinovac"",Ministry of Health,https://qsprod.saude.gov.br/extensions/DEMAS_C19Vacina/DEMAS_C19Vacina.html"
"Brazil,BRA,2021-05-01,43036179.0,29336953.0,13699226.0,337317.0,757933.0,20.11,13.71,6.4,3542.0,""Johnson&Johnson, Oxford/AstraZeneca, Pfizer/BioNTech, Sinovac"",Ministry of Health,https://qsprod.saude.gov.br/extensions/DEMAS_C19Vacina/DEMAS_C19Vacina.html"
"Brazil,BRA,2021-05-02,43173356.0,29421191.0,13752165.0,137177.0,735178.0,20.18,13.75,6.43,3436.0,""Johnson&Johnson, Oxford/AstraZeneca, Pfizer/BioNTech, Sinovac"",Ministry of Health,https://qsprod.saude.gov.br/extensions/DEMAS_C19Vacina/DEMAS_C19Vacina.html"
"Brazil,BRA,2021-05-03,43962159.0,29865013.0,14097146.0,788803.0,710754.0,20.54,13.96,6.59,3321.0,""Johnson&Johnson, Oxford/AstraZeneca, Pfizer/BioNTech, Sinovac"",Ministry of Health,https://qsprod.saude.gov.br/extensions/DEMAS_C19Vacina/DEMAS_C19Vacina.html"
"Brazil,BRA,2021-05-04,45273825.0,30658945.0,14614880.0,1311666.0,729289.0,21.16,14.33,6.83,3408.0,""Johnson&Johnson, Oxford/AstraZeneca, Pfizer/BioNTech, Sinovac"",Ministry of Health,https://qsprod.saude.gov.br/extensions/DEMAS_C19Vacina/DEMAS_C19Vacina.html"
"Brazil,BRA,2021-05-05,46185689.0,31265483.0,14920206.0,911864.0,740290.0,21.58,14.61,6.97,3459.0,""Johnson&Johnson, Oxford/AstraZeneca, Pfizer/BioNTech, Sinovac"",Ministry of Health,https://qsprod.saude.gov.br/extensions/DEMAS_C19Vacina/DEMAS_C19Vacina.html"
"Brazil,BRA,2021-05-06,46542392.0,31504414.0,15037978.0,356703.0,650348.0,21.75,14.72,7.03,3039.0,""Johnson&Johnson, Oxford/AstraZeneca, Pfizer/BioNTech, Sinovac"",Ministry of Health,https://qsprod.saude.gov.br/extensions/DEMAS_C19Vacina/DEMAS_C19Vacina.html"
"Brazil,BRA,2021-05-07,46875460.0,31722544.0,15152916.0,333068.0,596657.0,21.91,14.82,7.08,2788.0,""Johnson&Johnson, Oxford/AstraZeneca, Pfizer/BioNTech, Sinovac"",Ministry of Health,https://qsprod.saude.gov.br/extensions/DEMAS_C19Vacina/DEMAS_C19Vacina.html"
"Brazil,BRA,2021-05-08,,,,,571797.0,,,,2672.0,""Johnson&Johnson, Oxford/AstraZeneca, Pfizer/BioNTech, Sinovac"",Ministry of Health,https://qsprod.saude.gov.br/extensions/DEMAS_C19Vacina/DEMAS_C19Vacina.html"
"Brazil,BRA,2021-05-09,,,,,575528.0,,,,2689.0,""Johnson&Johnson, Oxford/AstraZeneca, Pfizer/BioNTech, Sinovac"",Ministry of Health,https://qsprod.saude.gov.br/extensions/DEMAS_C19Vacina/DEMAS_C19Vacina.html"
"Brazil,BRA,2021-05-10,47365348.0,32101075.0,15264273.0,,486170.0,22.13,15.0,7.13,2272.0,""Johnson&Johnson, Oxford/AstraZeneca, Pfizer/BioNTech, Sinovac"",Ministry of Health,https://qsprod.saude.gov.br/extensions/DEMAS_C19Vacina/DEMAS_C19Vacina.html"
"Brazil,BRA,2021-05-11,48193472.0,32647725.0,15545747.0,828124.0,417092.0,22.52,15.26,7.26,1949.0,""Johnson&Johnson, Oxford/AstraZeneca, Pfizer/BioNTech, Sinovac"",Ministry of Health,https://qsprod.saude.gov.br/extensions/DEMAS_C19Vacina/DEMAS_C19Vacina.html"
"Brazil,BRA,2021-05-12,49188608.0,33332789.0,15855819.0,995136.0,428988.0,22.99,15.58,7.41,2005.0,""Johnson&Johnson, Oxford/AstraZeneca, Pfizer/BioNTech, Sinovac"",Ministry of Health,https://qsprod.saude.gov.br/extensions/DEMAS_C19Vacina/DEMAS_C19Vacina.html"
"Brazil,BRA,2021-05-13,50308106.0,34092728.0,16215378.0,1119498.0,537959.0,23.51,15.93,7.58,2514.0,""Johnson&Johnson, Oxford/AstraZeneca, Pfizer/BioNTech, Sinovac"",Ministry of Health,https://qsprod.saude.gov.br/extensions/DEMAS_C19Vacina/DEMAS_C19Vacina.html"
"Brazil,BRA,2021-05-14,52093242.0,35383566.0,16709676.0,1785136.0,745397.0,24.34,16.53,7.81,3483.0,""Johnson&Johnson, Oxford/AstraZeneca, Pfizer/BioNTech, Sinovac"",Ministry of Health,https://qsprod.saude.gov.br/extensions/DEMAS_C19Vacina/DEMAS_C19Vacina.html"
"Brazil,BRA,2021-05-15,52641583.0,35731848.0,16909735.0,548341.0,800404.0,24.6,16.7,7.9,3740.0,""Johnson&Johnson, Oxford/AstraZeneca, Pfizer/BioNTech, Sinovac"",Ministry of Health,https://qsprod.saude.gov.br/extensions/DEMAS_C19Vacina/DEMAS_C19Vacina.html"
"Brazil,BRA,2021-05-16,52771668.0,35801333.0,16970335.0,130085.0,795659.0,24.66,16.73,7.93,3718.0,""Johnson&Johnson, Oxford/AstraZeneca, Pfizer/BioNTech, Sinovac"",Ministry of Health,https://qsprod.saude.gov.br/extensions/DEMAS_C19Vacina/DEMAS_C19Vacina.html"
"Brazil,BRA,2021-05-17,53624328.0,36355939.0,17268389.0,852660.0,894140.0,25.06,16.99,8.07,4178.0,""Johnson&Johnson, Oxford/AstraZeneca, Pfizer/BioNTech, Sinovac"",Ministry of Health,https://qsprod.saude.gov.br/extensions/DEMAS_C19Vacina/DEMAS_C19Vacina.html"
"Brazil,BRA,2021-05-18,54332240.0,36844286.0,17487954.0,707912.0,876967.0,25.39,17.22,8.17,4098.0,""Johnson&Johnson, Oxford/AstraZeneca, Pfizer/BioNTech, Sinovac"",Ministry of Health,https://qsprod.saude.gov.br/extensions/DEMAS_C19Vacina/DEMAS_C19Vacina.html"
"Brazil,BRA,2021-05-19,55098913.0,37376193.0,17722720.0,766673.0,844329.0,25.75,17.47,8.28,3946.0,""Johnson&Johnson, Oxford/AstraZeneca, Pfizer/BioNTech, Sinovac"",Ministry of Health,https://qsprod.saude.gov.br/extensions/DEMAS_C19Vacina/DEMAS_C19Vacina.html"
"Brazil,BRA,2021-05-20,55960152.0,37937840.0,18022312.0,861239.0,807435.0,26.15,17.73,8.42,3773.0,""Johnson&Johnson, Oxford/AstraZeneca, Pfizer/BioNTech, Sinovac"",Ministry of Health,https://qsprod.saude.gov.br/extensions/DEMAS_C19Vacina/DEMAS_C19Vacina.html"
"Brazil,BRA,2021-05-21,,,,,774713.0,,,,3620.0,""Johnson&Johnson, Oxford/AstraZeneca, Pfizer/BioNTech, Sinovac"",Ministry of Health,https://qsprod.saude.gov.br/extensions/DEMAS_C19Vacina/DEMAS_C19Vacina.html"
"Brazil,BRA,2021-05-22,,,,,918676.0,,,,4293.0,""Johnson&Johnson, Oxford/AstraZeneca, Pfizer/BioNTech, Sinovac"",Ministry of Health,https://qsprod.saude.gov.br/extensions/DEMAS_C19Vacina/DEMAS_C19Vacina.html"
"Brazil,BRA,2021-05-23,,,,,1122390.0,,,,5245.0,""Johnson&Johnson, Oxford/AstraZeneca, Pfizer/BioNTech, Sinovac"",Ministry of Health,https://qsprod.saude.gov.br/extensions/DEMAS_C19Vacina/DEMAS_C19Vacina.html"
"Brazil,BRA,2021-05-24,,,,,1222878.0,,,,5715.0,""Johnson&Johnson, Oxford/AstraZeneca, Pfizer/BioNTech, Sinovac"",Ministry of Health,https://qsprod.saude.gov.br/extensions/DEMAS_C19Vacina/DEMAS_C19Vacina.html"
"Brazil,BRA,2021-05-25,63740557.0,42702699.0,21037858.0,,1344045.0,29.79,19.96,9.83,6281.0,""Johnson&Johnson, Oxford/AstraZeneca, Pfizer/BioNTech, Sinovac"",Ministry of Health,https://qsprod.saude.gov.br/extensions/DEMAS_C19Vacina/DEMAS_C19Vacina.html"
"Brazil,BRA,2021-05-26,64568609.0,43239648.0,21328961.0,828052.0,1352814.0,30.17,20.21,9.97,6322.0,""Johnson&Johnson, Oxford/AstraZeneca, Pfizer/BioNTech, Sinovac"",Ministry of Health,https://qsprod.saude.gov.br/extensions/DEMAS_C19Vacina/DEMAS_C19Vacina.html"
"Brazil,BRA,2021-05-27,65268576.0,43727936.0,21540640.0,699967.0,1329775.0,30.5,20.43,10.07,6214.0,""Johnson&Johnson, Oxford/AstraZeneca, Pfizer/BioNTech, Sinovac"",Ministry of Health,https://qsprod.saude.gov.br/extensions/DEMAS_C19Vacina/DEMAS_C19Vacina.html"
"Brazil,BRA,2021-05-28,66432341.0,44564785.0,21867556.0,1163765.0,1273730.0,31.04,20.83,10.22,5952.0,""Johnson&Johnson, Oxford/AstraZeneca, Pfizer/BioNTech, Sinovac"",Ministry of Health,https://qsprod.saude.gov.br/extensions/DEMAS_C19Vacina/DEMAS_C19Vacina.html"
"Brazil,BRA,2021-05-29,66934363.0,44956732.0,21977631.0,502022.0,1123150.0,31.28,21.01,10.27,5249.0,""Johnson&Johnson, Oxford/AstraZeneca, Pfizer/BioNTech, Sinovac"",Ministry of Health,https://qsprod.saude.gov.br/extensions/DEMAS_C19Vacina/DEMAS_C19Vacina.html"
"Brazil,BRA,2021-05-30,67088046.0,45079934.0,22008112.0,153683.0,922807.0,31.35,21.07,10.28,4312.0,""Johnson&Johnson, Oxford/AstraZeneca, Pfizer/BioNTech, Sinovac"",Ministry of Health,https://qsprod.saude.gov.br/extensions/DEMAS_C19Vacina/DEMAS_C19Vacina.html"
"Brazil,BRA,2021-05-31,67482730.0,45376214.0,22106516.0,394684.0,756893.0,31.53,21.2,10.33,3537.0,""Johnson&Johnson, Oxford/AstraZeneca, Pfizer/BioNTech, Sinovac"",Ministry of Health,https://qsprod.saude.gov.br/extensions/DEMAS_C19Vacina/DEMAS_C19Vacina.html"
"Brazil,BRA,2021-06-01,68244216.0,45940210.0,22304006.0,761486.0,643380.0,31.89,21.47,10.42,3007.0,""Johnson&Johnson, Oxford/AstraZeneca, Pfizer/BioNTech, Sinovac"",Ministry of Health,https://qsprod.saude.gov.br/extensions/DEMAS_C19Vacina/DEMAS_C19Vacina.html"
"Brazil,BRA,2021-06-02,68919860.0,46498375.0,22421485.0,675644.0,621607.0,32.21,21.73,10.48,2905.0,""Johnson&Johnson, Oxford/AstraZeneca, Pfizer/BioNTech, Sinovac"",Ministry of Health,https://qsprod.saude.gov.br/extensions/DEMAS_C19Vacina/DEMAS_C19Vacina.html"
"Brazil,BRA,2021-06-03,70330300.0,47636424.0,22693876.0,1410440.0,723103.0,32.87,22.26,10.6,3379.0,""Johnson&Johnson, Oxford/AstraZeneca, Pfizer/BioNTech, Sinovac"",Ministry of Health,https://qsprod.saude.gov.br/extensions/DEMAS_C19Vacina/DEMAS_C19Vacina.html"
"Brazil,BRA,2021-06-04,70743531.0,48007886.0,22735645.0,413231.0,615884.0,33.06,22.43,10.62,2878.0,""Johnson&Johnson, Oxford/AstraZeneca, Pfizer/BioNTech, Sinovac"",Ministry of Health,https://qsprod.saude.gov.br/extensions/DEMAS_C19Vacina/DEMAS_C19Vacina.html"
"Brazil,BRA,2021-06-05,71429257.0,48576572.0,22852685.0,685726.0,642128.0,33.38,22.7,10.68,3001.0,""Johnson&Johnson, Oxford/AstraZeneca, Pfizer/BioNTech, Sinovac"",Ministry of Health,https://qsprod.saude.gov.br/extensions/DEMAS_C19Vacina/DEMAS_C19Vacina.html"
"Brazil,BRA,2021-06-06,71691137.0,48802098.0,22889039.0,261880.0,657584.0,33.5,22.81,10.7,3073.0,""Johnson&Johnson, Oxford/AstraZeneca, Pfizer/BioNTech, Sinovac"",Ministry of Health,https://qsprod.saude.gov.br/extensions/DEMAS_C19Vacina/DEMAS_C19Vacina.html"
"Brazil,BRA,2021-06-07,,,,,749851.0,,,,3504.0,""Johnson&Johnson, Oxford/AstraZeneca, Pfizer/BioNTech, Sinovac"",Ministry of Health,https://qsprod.saude.gov.br/extensions/DEMAS_C19Vacina/DEMAS_C19Vacina.html"
"Brazil,BRA,2021-06-08,,,,,789718.0,,,,3690.0,""Johnson&Johnson, Oxford/AstraZeneca, Pfizer/BioNTech, Sinovac"",Ministry of Health,https://qsprod.saude.gov.br/extensions/DEMAS_C19Vacina/DEMAS_C19Vacina.html"
"Brazil,BRA,2021-06-09,74812794.0,51465240.0,23347554.0,,841848.0,34.96,24.05,10.91,3934.0,""Johnson&Johnson, Oxford/AstraZeneca, Pfizer/BioNTech, Sinovac"",Ministry of Health,https://qsprod.saude.gov.br/extensions/DEMAS_C19Vacina/DEMAS_C19Vacina.html"
"Brazil,BRA,2021-06-10,75890097.0,52429219.0,23460878.0,1077303.0,794257.0,35.46,24.5,10.96,3712.0,""Johnson&Johnson, Oxford/AstraZeneca, Pfizer/BioNTech, Sinovac"",Ministry of Health,https://qsprod.saude.gov.br/extensions/DEMAS_C19Vacina/DEMAS_C19Vacina.html"
"Brazil,BRA,2021-06-11,76758587.0,53224020.0,23534567.0,868490.0,859294.0,35.87,24.87,11.0,4016.0,""Johnson&Johnson, Oxford/AstraZeneca, Pfizer/BioNTech, Sinovac"",Ministry of Health,https://qsprod.saude.gov.br/extensions/DEMAS_C19Vacina/DEMAS_C19Vacina.html"
"Brazil,BRA,2021-06-12,,,,,859572.0,,,,4017.0,""Johnson&Johnson, Oxford/AstraZeneca, Pfizer/BioNTech, Sinovac"",Ministry of Health,https://qsprod.saude.gov.br/extensions/DEMAS_C19Vacina/DEMAS_C19Vacina.html"
"Brazil,BRA,2021-06-13,78133938.0,54489914.0,23644024.0,,920400.0,36.51,25.46,11.05,4301.0,""Johnson&Johnson, Oxford/AstraZeneca, Pfizer/BioNTech, Sinovac"",Ministry of Health,https://qsprod.saude.gov.br/extensions/DEMAS_C19Vacina/DEMAS_C19Vacina.html"
"Brazil,BRA,2021-06-14,78906225.0,55226467.0,23679758.0,772287.0,882077.0,36.87,25.81,11.07,4122.0,""Johnson&Johnson, Oxford/AstraZeneca, Pfizer/BioNTech, Sinovac"",Ministry of Health,https://qsprod.saude.gov.br/extensions/DEMAS_C19Vacina/DEMAS_C19Vacina.html"
"Brazil,BRA,2021-06-15,80268207.0,56479200.0,23789007.0,1361982.0,927995.0,37.51,26.39,11.12,4337.0,""Johnson&Johnson, Oxford/AstraZeneca, Pfizer/BioNTech, Sinovac"",Ministry of Health,https://qsprod.saude.gov.br/extensions/DEMAS_C19Vacina/DEMAS_C19Vacina.html"
"Brazil,BRA,2021-06-16,81540602.0,57676179.0,23864423.0,1272395.0,961115.0,38.1,26.95,11.15,4491.0,""Johnson&Johnson, Oxford/AstraZeneca, Pfizer/BioNTech, Sinovac"",Ministry of Health,https://qsprod.saude.gov.br/extensions/DEMAS_C19Vacina/DEMAS_C19Vacina.html"
"Brazil,BRA,2021-06-17,84102155.0,60066656.0,24035499.0,2561553.0,1173151.0,39.3,28.07,11.23,5482.0,""Johnson&Johnson, Oxford/AstraZeneca, Pfizer/BioNTech, Sinovac"",Ministry of Health,https://qsprod.saude.gov.br/extensions/DEMAS_C19Vacina/DEMAS_C19Vacina.html"
"Brazil,BRA,2021-06-18,85390996.0,61270446.0,24120550.0,1288841.0,1233201.0,39.9,28.63,11.27,5763.0,""Johnson&Johnson, Oxford/AstraZeneca, Pfizer/BioNTech, Sinovac"",Ministry of Health,https://qsprod.saude.gov.br/extensions/DEMAS_C19Vacina/DEMAS_C19Vacina.html"
"Brazil,BRA,2021-06-19,86475842.0,62276105.0,24199737.0,1084846.0,1289940.0,40.41,29.1,11.31,6028.0,""Johnson&Johnson, Oxford/AstraZeneca, Pfizer/BioNTech, Sinovac"",Ministry of Health,https://qsprod.saude.gov.br/extensions/DEMAS_C19Vacina/DEMAS_C19Vacina.html"
"Brazil,BRA,2021-06-20,86960570.0,62741992.0,24218578.0,484728.0,1260947.0,40.64,29.32,11.32,5892.0,""Johnson&Johnson, Oxford/AstraZeneca, Pfizer/BioNTech, Sinovac"",Ministry of Health,https://qsprod.saude.gov.br/extensions/DEMAS_C19Vacina/DEMAS_C19Vacina.html"
"Brazil,BRA,2021-06-21,88353063.0,64034871.0,24318192.0,1392493.0,1349548.0,41.29,29.92,11.36,6306.0,""Johnson&Johnson, Oxford/AstraZeneca, Pfizer/BioNTech, Sinovac"",Ministry of Health,https://qsprod.saude.gov.br/extensions/DEMAS_C19Vacina/DEMAS_C19Vacina.html"
"Brazil,BRA,2021-06-22,90077011.0,,,1723948.0,1401258.0,42.09,,,6548.0,""Johnson&Johnson, Oxford/AstraZeneca, Pfizer/BioNTech, Sinovac"",Ministry of Health,https://qsprod.saude.gov.br/extensions/DEMAS_C19Vacina/DEMAS_C19Vacina.html"
"Brazil,BRA,2021-06-23,91593968.0,67005097.0,24588871.0,1516957.0,1436195.0,42.8,31.31,11.49,6711.0,""Johnson&Johnson, Oxford/AstraZeneca, Pfizer/BioNTech, Sinovac"",Ministry of Health,https://qsprod.saude.gov.br/extensions/DEMAS_C19Vacina/DEMAS_C19Vacina.html"
"Brazil,BRA,2021-06-24,92917274.0,68185022.0,24732252.0,1323306.0,1259303.0,43.42,31.86,11.56,5885.0,""Johnson&Johnson, Oxford/AstraZeneca, Pfizer/BioNTech, Sinovac"",Ministry of Health,https://qsprod.saude.gov.br/extensions/DEMAS_C19Vacina/DEMAS_C19Vacina.html"
"Brazil,BRA,2021-06-25,,,,,1260296.0,,,,5889.0,""Johnson&Johnson, Oxford/AstraZeneca, Pfizer/BioNTech, Sinovac"",Ministry of Health,https://qsprod.saude.gov.br/extensions/DEMAS_C19Vacina/DEMAS_C19Vacina.html"
"Brazil,BRA,2021-06-26,,,,,1290432.0,,,,6030.0,""Johnson&Johnson, Oxford/AstraZeneca, Pfizer/BioNTech, Sinovac"",Ministry of Health,https://qsprod.saude.gov.br/extensions/DEMAS_C19Vacina/DEMAS_C19Vacina.html"
"Brazil,BRA,2021-06-27,96804664.0,71206835.0,25597829.0,,1406299.0,45.24,33.28,11.96,6572.0,""Johnson&Johnson, Oxford/AstraZeneca, Pfizer/BioNTech, Sinovac"",Ministry of Health,https://qsprod.saude.gov.br/extensions/DEMAS_C19Vacina/DEMAS_C19Vacina.html"
"Brazil,BRA,2021-06-28,96913929.0,71291563.0,25622366.0,109265.0,1222981.0,45.29,33.31,11.97,5715.0,""Johnson&Johnson, Oxford/AstraZeneca, Pfizer/BioNTech, Sinovac"",Ministry of Health,https://qsprod.saude.gov.br/extensions/DEMAS_C19Vacina/DEMAS_C19Vacina.html"
"Brazil,BRA,2021-06-29,98827485.0,72722360.0,26105125.0,1913556.0,1250068.0,46.18,33.98,12.2,5842.0,""Johnson&Johnson, Oxford/AstraZeneca, Pfizer/BioNTech, Sinovac"",Ministry of Health,https://qsprod.saude.gov.br/extensions/DEMAS_C19Vacina/DEMAS_C19Vacina.html"
"Brazil,BRA,2021-06-30,,,,,1315689.0,,,,6148.0,""Johnson&Johnson, Oxford/AstraZeneca, Pfizer/BioNTech, Sinovac"",Ministry of Health,https://qsprod.saude.gov.br/extensions/DEMAS_C19Vacina/DEMAS_C19Vacina.html"
"Brazil,BRA,2021-07-01,102780096.0,75783345.0,26996751.0,,1408975.0,48.03,35.41,12.62,6584.0,""Johnson&Johnson, Oxford/AstraZeneca, Pfizer/BioNTech, Sinovac"",Ministry of Health,https://qsprod.saude.gov.br/extensions/DEMAS_C19Vacina/DEMAS_C19Vacina.html"
"Brazil,BRA,2021-07-02,,,,,1343933.0,,,,6280.0,""Johnson&Johnson, Oxford/AstraZeneca, Pfizer/BioNTech, Sinovac"",Ministry of Health,https://qsprod.saude.gov.br/extensions/DEMAS_C19Vacina/DEMAS_C19Vacina.html"
"Brazil,BRA,2021-07-03,,,,,1278891.0,,,,5976.0,""Johnson&Johnson, Oxford/AstraZeneca, Pfizer/BioNTech, Sinovac"",Ministry of Health,https://qsprod.saude.gov.br/extensions/DEMAS_C19Vacina/DEMAS_C19Vacina.html"
"Brazil,BRA,2021-07-04,105301611.0,77653882.0,27647729.0,,1213850.0,49.21,36.29,12.92,5672.0,""Johnson&Johnson, Oxford/AstraZeneca, Pfizer/BioNTech, Sinovac"",Ministry of Health,https://qsprod.saude.gov.br/extensions/DEMAS_C19Vacina/DEMAS_C19Vacina.html"
"Brazil,BRA,2021-07-05,106909223.0,78950076.0,27959147.0,1607612.0,1427899.0,49.96,36.89,13.07,6673.0,""Johnson&Johnson, Oxford/AstraZeneca, Pfizer/BioNTech, Sinovac"",Ministry of Health,https://qsprod.saude.gov.br/extensions/DEMAS_C19Vacina/DEMAS_C19Vacina.html"
"Brazil,BRA,2021-07-06,107628177.0,79467536.0,28160641.0,718954.0,1257242.0,50.3,37.14,13.16,5875.0,""Johnson&Johnson, Oxford/AstraZeneca, Pfizer/BioNTech, Sinovac"",Ministry of Health,https://qsprod.saude.gov.br/extensions/DEMAS_C19Vacina/DEMAS_C19Vacina.html"
"Brazil,BRA,2021-07-07,110101829.0,81134483.0,28967346.0,2473652.0,1328291.0,51.45,37.91,13.54,6207.0,""Johnson&Johnson, Oxford/AstraZeneca, Pfizer/BioNTech, Sinovac"",Ministry of Health,https://qsprod.saude.gov.br/extensions/DEMAS_C19Vacina/DEMAS_C19Vacina.html"
"Brazil,BRA,2021-07-08,111477691.0,83713097.0,29493829.0,1375862.0,1242514.0,52.09,39.12,13.78,5806.0,""Johnson&Johnson, Oxford/AstraZeneca, Pfizer/BioNTech, Sinovac"",Ministry of Health,https://qsprod.saude.gov.br/extensions/DEMAS_C19Vacina/DEMAS_C19Vacina.html"
"Brazil,BRA,2021-07-09,112774302.0,85201397.0,29901792.0,1296611.0,1307672.0,52.7,39.81,13.97,6111.0,""Johnson&Johnson, Oxford/AstraZeneca, Pfizer/BioNTech, Sinovac"",Ministry of Health,https://qsprod.saude.gov.br/extensions/DEMAS_C19Vacina/DEMAS_C19Vacina.html"
"Brazil,BRA,2021-07-10,,,,,1307734.0,,,,6111.0,""Johnson&Johnson, Oxford/AstraZeneca, Pfizer/BioNTech, Sinovac"",Ministry of Health,https://qsprod.saude.gov.br/extensions/DEMAS_C19Vacina/DEMAS_C19Vacina.html"
"Brazil,BRA,2021-07-11,114456183.0,86797811.0,30551564.0,,1307796.0,53.49,40.56,14.28,6111.0,""Johnson&Johnson, Oxford/AstraZeneca, Pfizer/BioNTech, Sinovac"",Ministry of Health,https://qsprod.saude.gov.br/extensions/DEMAS_C19Vacina/DEMAS_C19Vacina.html"
"Brazil,BRA,2021-07-12,115832172.0,87883245.0,31074583.0,1375989.0,1274707.0,54.13,41.07,14.52,5957.0,""Johnson&Johnson, Oxford/AstraZeneca, Pfizer/BioNTech, Sinovac"",Ministry of Health,https://qsprod.saude.gov.br/extensions/DEMAS_C19Vacina/DEMAS_C19Vacina.html"
"Brazil,BRA,2021-07-13,117005229.0,88805948.0,31489872.0,1173057.0,1339579.0,54.68,41.5,14.72,6260.0,""Johnson&Johnson, Oxford/AstraZeneca, Pfizer/BioNTech, Sinovac"",Ministry of Health,https://qsprod.saude.gov.br/extensions/DEMAS_C19Vacina/DEMAS_C19Vacina.html"
"Brazil,BRA,2021-07-14,118886610.0,90161336.0,32303899.0,1881381.0,1254969.0,55.56,42.13,15.1,5865.0,""Johnson&Johnson, Oxford/AstraZeneca, Pfizer/BioNTech, Sinovac"",Ministry of Health,https://qsprod.saude.gov.br/extensions/DEMAS_C19Vacina/DEMAS_C19Vacina.html"
"Brazil,BRA,2021-07-15,120873006.0,91336865.0,33296719.0,1986396.0,1342188.0,56.48,42.68,15.56,6272.0,""Johnson&Johnson, Oxford/AstraZeneca, Pfizer/BioNTech, Sinovac"",Ministry of Health,https://qsprod.saude.gov.br/extensions/DEMAS_C19Vacina/DEMAS_C19Vacina.html"
"Brazil,BRA,2021-07-16,121802482.0,92180046.0,33467639.0,929476.0,1289740.0,56.92,43.08,15.64,6027.0,""Johnson&Johnson, Oxford/AstraZeneca, Pfizer/BioNTech, Sinovac"",Ministry of Health,https://qsprod.saude.gov.br/extensions/DEMAS_C19Vacina/DEMAS_C19Vacina.html"
"Brazil,BRA,2021-07-17,123793735.0,93842534.0,33854929.0,1991253.0,1454070.0,57.85,43.85,15.82,6795.0,""Johnson&Johnson, Oxford/AstraZeneca, Pfizer/BioNTech, Sinovac"",Ministry of Health,https://qsprod.saude.gov.br/extensions/DEMAS_C19Vacina/DEMAS_C19Vacina.html"
"Brazil,BRA,2021-07-18,124113911.0,94082186.0,33990366.0,320176.0,1379675.0,58.0,43.96,15.88,6447.0,""Johnson&Johnson, Oxford/AstraZeneca, Pfizer/BioNTech, Sinovac"",Ministry of Health,https://qsprod.saude.gov.br/extensions/DEMAS_C19Vacina/DEMAS_C19Vacina.html"
"Brazil,BRA,2021-07-19,124906515.0,94429515.0,34514945.0,792604.0,1296335.0,58.37,44.13,16.13,6058.0,""Johnson&Johnson, Oxford/AstraZeneca, Pfizer/BioNTech, Sinovac"",Ministry of Health,https://qsprod.saude.gov.br/extensions/DEMAS_C19Vacina/DEMAS_C19Vacina.html"
"Brazil,BRA,2021-07-20,126643283.0,95589624.0,35160343.0,1736768.0,1376865.0,59.18,44.67,16.43,6434.0,""Johnson&Johnson, Oxford/AstraZeneca, Pfizer/BioNTech, Sinovac"",Ministry of Health,https://qsprod.saude.gov.br/extensions/DEMAS_C19Vacina/DEMAS_C19Vacina.html"
"Brazil,BRA,2021-07-21,128405129.0,96240322.0,35846608.0,1761846.0,1359788.0,60.0,44.97,16.75,6354.0,""Johnson&Johnson, Oxford/AstraZeneca, Pfizer/BioNTech, Sinovac"",Ministry of Health,https://qsprod.saude.gov.br/extensions/DEMAS_C19Vacina/DEMAS_C19Vacina.html"
"Brazil,BRA,2021-07-22,130432227.0,97420756.0,36765097.0,2027098.0,1365603.0,60.95,45.53,17.18,6382.0,""Johnson&Johnson, Oxford/AstraZeneca, Pfizer/BioNTech, Sinovac"",Ministry of Health,https://qsprod.saude.gov.br/extensions/DEMAS_C19Vacina/DEMAS_C19Vacina.html"
"Brazil,BRA,2021-07-23,131522663.0,98268594.0,37036459.0,1090436.0,1388597.0,61.46,45.92,17.31,6489.0,""Johnson&Johnson, Oxford/AstraZeneca, Pfizer/BioNTech, Sinovac"",Ministry of Health,https://qsprod.saude.gov.br/extensions/DEMAS_C19Vacina/DEMAS_C19Vacina.html"
"Brazil,BRA,2021-07-24,131845297.0,98514854.0,37145993.0,322634.0,1150223.0,61.61,46.04,17.36,5375.0,""Johnson&Johnson, Oxford/AstraZeneca, Pfizer/BioNTech, Sinovac"",Ministry of Health,https://qsprod.saude.gov.br/extensions/DEMAS_C19Vacina/DEMAS_C19Vacina.html"
"Brazil,BRA,2021-07-25,131967387.0,98616846.0,37179203.0,122090.0,1121925.0,61.67,46.08,17.37,5243.0,""Johnson&Johnson, Oxford/AstraZeneca, Pfizer/BioNTech, Sinovac"",Ministry of Health,https://qsprod.saude.gov.br/extensions/DEMAS_C19Vacina/DEMAS_C19Vacina.html"
"Brazil,BRA,2021-07-26,134539613.0,100371110.0,38035356.0,2572226.0,1376157.0,62.87,46.9,17.77,6431.0,""Johnson&Johnson, Oxford/AstraZeneca, Pfizer/BioNTech, Sinovac"",Ministry of Health,https://qsprod.saude.gov.br/extensions/DEMAS_C19Vacina/DEMAS_C19Vacina.html"
"Brazil,BRA,2021-07-27,136509687.0,101534282.0,38880731.0,1970074.0,1409486.0,63.79,47.45,18.17,6587.0,""Johnson&Johnson, Oxford/AstraZeneca, Pfizer/BioNTech, Sinovac"",Ministry of Health,https://qsprod.saude.gov.br/extensions/DEMAS_C19Vacina/DEMAS_C19Vacina.html"
"Brazil,BRA,2021-07-28,137880754.0,102294772.0,39524828.0,1371067.0,1353661.0,64.43,47.8,18.47,6326.0,""Johnson&Johnson, Oxford/AstraZeneca, Pfizer/BioNTech, Sinovac"",Ministry of Health,https://qsprod.saude.gov.br/extensions/DEMAS_C19Vacina/DEMAS_C19Vacina.html"
"Brazil,BRA,2021-07-29,140028826.0,103500926.0,40546320.0,2148072.0,1370943.0,65.44,48.37,18.95,6406.0,""Johnson&Johnson, Oxford/AstraZeneca, Pfizer/BioNTech, Sinovac"",Ministry of Health,https://qsprod.saude.gov.br/extensions/DEMAS_C19Vacina/DEMAS_C19Vacina.html"
"Brazil,BRA,2021-07-30,140169214.0,103597287.0,40602854.0,140388.0,1235222.0,65.5,48.41,18.97,5772.0,""Johnson&Johnson, Oxford/AstraZeneca, Pfizer/BioNTech, Sinovac"",Ministry of Health,https://qsprod.saude.gov.br/extensions/DEMAS_C19Vacina/DEMAS_C19Vacina.html"
"Brazil,BRA,2021-07-31,142488679.0,105057816.0,41489804.0,2319465.0,1520483.0,66.59,49.09,19.39,7105.0,""Johnson&Johnson, Oxford/AstraZeneca, Pfizer/BioNTech, Sinovac"",Ministry of Health,https://qsprod.saude.gov.br/extensions/DEMAS_C19Vacina/DEMAS_C19Vacina.html"
"Brazil,BRA,2021-08-01,,,,,1508098.0,,,,7047.0,""Johnson&Johnson, Oxford/AstraZeneca, Pfizer/BioNTech, Sinovac"",Ministry of Health,https://qsprod.saude.gov.br/extensions/DEMAS_C19Vacina/DEMAS_C19Vacina.html"
"Brazil,BRA,2021-08-02,142559470.0,105105405.0,41515443.0,,1145694.0,66.62,49.12,19.4,5354.0,""Johnson&Johnson, Oxford/AstraZeneca, Pfizer/BioNTech, Sinovac"",Ministry of Health,https://qsprod.saude.gov.br/extensions/DEMAS_C19Vacina/DEMAS_C19Vacina.html"
"Brazil,BRA,2021-08-03,145558264.0,106917279.0,42756263.0,2998794.0,1292654.0,68.02,49.96,19.98,6041.0,""Johnson&Johnson, Oxford/AstraZeneca, Pfizer/BioNTech, Sinovac"",Ministry of Health,https://qsprod.saude.gov.br/extensions/DEMAS_C19Vacina/DEMAS_C19Vacina.html"
"Brazil,BRA,2021-08-04,147214665.0,107980946.0,43375897.0,1656401.0,1333416.0,68.79,50.46,20.27,6231.0,""Johnson&Johnson, Oxford/AstraZeneca, Pfizer/BioNTech, Sinovac"",Ministry of Health,https://qsprod.saude.gov.br/extensions/DEMAS_C19Vacina/DEMAS_C19Vacina.html"
"Brazil,BRA,2021-08-05,,,,,1187630.0,,,,5550.0,""Johnson&Johnson, Oxford/AstraZeneca, Pfizer/BioNTech, Sinovac"",Ministry of Health,https://qsprod.saude.gov.br/extensions/DEMAS_C19Vacina/DEMAS_C19Vacina.html"
"Brazil,BRA,2021-08-06,149469803.0,,,,1328656.0,69.85,,,6209.0,""Johnson&Johnson, Oxford/AstraZeneca, Pfizer/BioNTech, Sinovac"",Ministry of Health,https://qsprod.saude.gov.br/extensions/DEMAS_C19Vacina/DEMAS_C19Vacina.html"
"Brazil,BRA,2021-08-07,151711314.0,108567088.0,45188539.0,2241511.0,1317519.0,70.9,50.73,21.12,6157.0,""Johnson&Johnson, Oxford/AstraZeneca, Pfizer/BioNTech, Sinovac"",Ministry of Health,https://qsprod.saude.gov.br/extensions/DEMAS_C19Vacina/DEMAS_C19Vacina.html"
"Brazil,BRA,2021-08-08,152989038.0,111583449.0,45612438.0,1277724.0,1494995.0,71.49,52.14,21.31,6986.0,""Johnson&Johnson, Oxford/AstraZeneca, Pfizer/BioNTech, Sinovac"",Ministry of Health,https://qsprod.saude.gov.br/extensions/DEMAS_C19Vacina/DEMAS_C19Vacina.html"
"Brazil,BRA,2021-08-09,,,,,1664448.0,,,,7778.0,""Johnson&Johnson, Oxford/AstraZeneca, Pfizer/BioNTech, Sinovac"",Ministry of Health,https://qsprod.saude.gov.br/extensions/DEMAS_C19Vacina/DEMAS_C19Vacina.html"
"Brazil,BRA,2021-08-10,155432167.0,113049759.0,46582569.0,,1410558.0,72.63,52.83,21.77,6592.0,""Johnson&Johnson, Oxford/AstraZeneca, Pfizer/BioNTech, Sinovac"",Ministry of Health,https://qsprod.saude.gov.br/extensions/DEMAS_C19Vacina/DEMAS_C19Vacina.html"
"Brazil,BRA,2021-08-11,157673092.0,114496161.0,47397442.0,2240925.0,1494061.0,73.68,53.5,22.15,6982.0,""Johnson&Johnson, Oxford/AstraZeneca, Pfizer/BioNTech, Sinovac"",Ministry of Health,https://qsprod.saude.gov.br/extensions/DEMAS_C19Vacina/DEMAS_C19Vacina.html"
"Brazil,BRA,2021-08-12,,,,,1608194.0,,,,7515.0,""Johnson&Johnson, Oxford/AstraZeneca, Pfizer/BioNTech, Sinovac"",Ministry of Health,https://qsprod.saude.gov.br/extensions/DEMAS_C19Vacina/DEMAS_C19Vacina.html"
"Brazil,BRA,2021-08-13,,,,,1722328.0,,,,8049.0,""Johnson&Johnson, Oxford/AstraZeneca, Pfizer/BioNTech, Sinovac"",Ministry of Health,https://qsprod.saude.gov.br/extensions/DEMAS_C19Vacina/DEMAS_C19Vacina.html"
"Brazil,BRA,2021-08-14,163452602.0,116123404.0,49297923.0,,1677327.0,76.38,54.26,23.04,7838.0,""Johnson&Johnson, Oxford/AstraZeneca, Pfizer/BioNTech, Sinovac"",Ministry of Health,https://qsprod.saude.gov.br/extensions/DEMAS_C19Vacina/DEMAS_C19Vacina.html"
"Brazil,BRA,2021-08-15,164638573.0,119793423.0,49629214.0,1185971.0,1664219.0,76.94,55.98,23.19,7777.0,""Johnson&Johnson, Oxford/AstraZeneca, Pfizer/BioNTech, Sinovac"",Ministry of Health,https://qsprod.saude.gov.br/extensions/DEMAS_C19Vacina/DEMAS_C19Vacina.html"
"Brazil,BRA,2021-08-16,168157560.0,121838235.0,51152090.0,3518987.0,1992422.0,78.58,56.94,23.9,9311.0,""Johnson&Johnson, Oxford/AstraZeneca, Pfizer/BioNTech, Sinovac"",Ministry of Health,https://qsprod.saude.gov.br/extensions/DEMAS_C19Vacina/DEMAS_C19Vacina.html"
"Brazil,BRA,2021-08-17,169753003.0,122541955.0,51771235.0,1595443.0,2045834.0,79.33,57.26,24.19,9560.0,""Johnson&Johnson, Oxford/AstraZeneca, Pfizer/BioNTech, Sinovac"",Ministry of Health,https://qsprod.saude.gov.br/extensions/DEMAS_C19Vacina/DEMAS_C19Vacina.html"
"Brazil,BRA,2021-08-18,171741149.0,123678883.0,52629848.0,1988146.0,2009722.0,80.26,57.8,24.59,9392.0,""Johnson&Johnson, Oxford/AstraZeneca, Pfizer/BioNTech, Sinovac"",Ministry of Health,https://qsprod.saude.gov.br/extensions/DEMAS_C19Vacina/DEMAS_C19Vacina.html"
"Brazil,BRA,2021-08-19,173650317.0,124755667.0,53240329.0,1909168.0,2007246.0,81.15,58.3,24.88,9380.0,""Johnson&Johnson, Oxford/AstraZeneca, Pfizer/BioNTech, Sinovac"",Ministry of Health,https://qsprod.saude.gov.br/extensions/DEMAS_C19Vacina/DEMAS_C19Vacina.html"
"Brazil,BRA,2021-08-20,,,,,1873280.0,,,,8754.0,""Johnson&Johnson, Oxford/AstraZeneca, Pfizer/BioNTech, Sinovac"",Ministry of Health,https://qsprod.saude.gov.br/extensions/DEMAS_C19Vacina/DEMAS_C19Vacina.html"
"Brazil,BRA,2021-08-21,,,,,1739315.0,,,,8128.0,""Johnson&Johnson, Oxford/AstraZeneca, Pfizer/BioNTech, Sinovac"",Ministry of Health,https://qsprod.saude.gov.br/extensions/DEMAS_C19Vacina/DEMAS_C19Vacina.html"
"Brazil,BRA,2021-08-22,176616552.0,126453502.0,54521380.0,,1711140.0,82.53,59.09,25.48,7996.0,""Johnson&Johnson, Oxford/AstraZeneca, Pfizer/BioNTech, Sinovac"",Ministry of Health,https://qsprod.saude.gov.br/extensions/DEMAS_C19Vacina/DEMAS_C19Vacina.html"
"Brazil,BRA,2021-08-23,178551085.0,127635209.0,55286442.0,1934533.0,1484789.0,83.44,59.64,25.84,6938.0,""Johnson&Johnson, Oxford/AstraZeneca, Pfizer/BioNTech, Sinovac"",Ministry of Health,https://qsprod.saude.gov.br/extensions/DEMAS_C19Vacina/DEMAS_C19Vacina.html"
"Brazil,BRA,2021-08-24,179727882.0,128359705.0,55748292.0,1176797.0,1424983.0,83.99,59.98,26.05,6659.0,""Johnson&Johnson, Oxford/AstraZeneca, Pfizer/BioNTech, Sinovac"",Ministry of Health,https://qsprod.saude.gov.br/extensions/DEMAS_C19Vacina/DEMAS_C19Vacina.html"
"Brazil,BRA,2021-08-25,181908368.0,129675516.0,56624456.0,2180486.0,1452460.0,85.01,60.6,26.46,6787.0,""Johnson&Johnson, Oxford/AstraZeneca, Pfizer/BioNTech, Sinovac"",Ministry of Health,https://qsprod.saude.gov.br/extensions/DEMAS_C19Vacina/DEMAS_C19Vacina.html"
"Brazil,BRA,2021-08-26,186279872.0,132202507.0,58486260.0,4371504.0,1804222.0,87.05,61.78,27.33,8431.0,""Johnson&Johnson, Oxford/AstraZeneca, Pfizer/BioNTech, Sinovac"",Ministry of Health,https://qsprod.saude.gov.br/extensions/DEMAS_C19Vacina/DEMAS_C19Vacina.html"
"Brazil,BRA,2021-08-27,187637417.0,132897426.0,59161643.0,1357545.0,1856908.0,87.68,62.1,27.65,8677.0,""Johnson&Johnson, Oxford/AstraZeneca, Pfizer/BioNTech, Sinovac"",Ministry of Health,https://qsprod.saude.gov.br/extensions/DEMAS_C19Vacina/DEMAS_C19Vacina.html"
"Brazil,BRA,2021-08-28,,,,,1817344.0,,,,8493.0,""Johnson&Johnson, Oxford/AstraZeneca, Pfizer/BioNTech, Sinovac"",Ministry of Health,https://qsprod.saude.gov.br/extensions/DEMAS_C19Vacina/DEMAS_C19Vacina.html"
"Brazil,BRA,2021-08-29,189061012.0,133647690.0,59840253.0,,1777780.0,88.35,62.45,27.96,8308.0,""Johnson&Johnson, Oxford/AstraZeneca, Pfizer/BioNTech, Sinovac"",Ministry of Health,https://qsprod.saude.gov.br/extensions/DEMAS_C19Vacina/DEMAS_C19Vacina.html"
"Brazil,BRA,2021-08-30,191502128.0,134521410.0,61416222.0,2441116.0,1850149.0,89.49,62.86,28.7,8646.0,""Johnson&Johnson, Oxford/AstraZeneca, Pfizer/BioNTech, Sinovac"",Ministry of Health,https://qsprod.saude.gov.br/extensions/DEMAS_C19Vacina/DEMAS_C19Vacina.html"
"Brazil,BRA,2021-08-31,,,,,1969109.0,,,,9202.0,""Johnson&Johnson, Oxford/AstraZeneca, Pfizer/BioNTech, Sinovac"",Ministry of Health,https://qsprod.saude.gov.br/extensions/DEMAS_C19Vacina/DEMAS_C19Vacina.html"
"Brazil,BRA,2021-09-01,195521167.0,136458383.0,63515389.0,,1944686.0,91.37,63.77,29.68,9088.0,""Johnson&Johnson, Oxford/AstraZeneca, Pfizer/BioNTech, Sinovac"",Ministry of Health,https://qsprod.saude.gov.br/extensions/DEMAS_C19Vacina/DEMAS_C19Vacina.html"
"Brazil,BRA,2021-09-02,197285447.0,137246796.0,64500731.0,1764280.0,1572225.0,92.19,64.14,30.14,7347.0,""Johnson&Johnson, Oxford/AstraZeneca, Pfizer/BioNTech, Sinovac"",Ministry of Health,https://qsprod.saude.gov.br/extensions/DEMAS_C19Vacina/DEMAS_C19Vacina.html"
"Brazil,BRA,2021-09-03,,,,,1511251.0,,,,7062.0,""Johnson&Johnson, Oxford/AstraZeneca, Pfizer/BioNTech, Sinovac"",Ministry of Health,https://qsprod.saude.gov.br/extensions/DEMAS_C19Vacina/DEMAS_C19Vacina.html"
"Brazil,BRA,2021-09-04,199146903.0,138001912.0,65613092.0,,1542527.0,93.06,64.49,30.66,7208.0,""Johnson&Johnson, Oxford/AstraZeneca, Pfizer/BioNTech, Sinovac"",Ministry of Health,https://qsprod.saude.gov.br/extensions/DEMAS_C19Vacina/DEMAS_C19Vacina.html"
"Brazil,BRA,2021-09-05,200714744.0,138636322.0,66548816.0,1567841.0,1664819.0,93.79,64.79,31.1,7780.0,""Johnson&Johnson, Oxford/AstraZeneca, Pfizer/BioNTech, Sinovac"",Ministry of Health,https://qsprod.saude.gov.br/extensions/DEMAS_C19Vacina/DEMAS_C19Vacina.html"
"Brazil,BRA,2021-09-06,202266292.0,139358218.0,67383668.0,1551548.0,1537738.0,94.52,65.12,31.49,7186.0,""Johnson&Johnson, Oxford/AstraZeneca, Pfizer/BioNTech, Sinovac"",Ministry of Health,https://qsprod.saude.gov.br/extensions/DEMAS_C19Vacina/DEMAS_C19Vacina.html"
"Brazil,BRA,2021-09-07,,,,,1369519.0,,,,6400.0,""Johnson&Johnson, Oxford/AstraZeneca, Pfizer/BioNTech, Sinovac"",Ministry of Health,https://qsprod.saude.gov.br/extensions/DEMAS_C19Vacina/DEMAS_C19Vacina.html"
"Brazil,BRA,2021-09-08,203930265.0,140010729.0,68402645.0,,1201300.0,95.3,65.43,31.96,5614.0,""Johnson&Johnson, Oxford/AstraZeneca, Pfizer/BioNTech, Sinovac"",Ministry of Health,https://qsprod.saude.gov.br/extensions/DEMAS_C19Vacina/DEMAS_C19Vacina.html"
"Brazil,BRA,2021-09-09,205866758.0,140609541.0,69746839.0,1936493.0,1225902.0,96.2,65.71,32.59,5729.0,""Johnson&Johnson, Oxford/AstraZeneca, Pfizer/BioNTech, Sinovac"",Ministry of Health,https://qsprod.saude.gov.br/extensions/DEMAS_C19Vacina/DEMAS_C19Vacina.html"
"Brazil,BRA,2021-09-10,208292584.0,141425785.0,71365811.0,2425826.0,1439487.0,97.34,66.09,33.35,6727.0,""Johnson&Johnson, Oxford/AstraZeneca, Pfizer/BioNTech, Sinovac"",Ministry of Health,https://qsprod.saude.gov.br/extensions/DEMAS_C19Vacina/DEMAS_C19Vacina.html"
"Brazil,BRA,2021-09-11,210275382.0,142138164.0,72640257.0,1982798.0,1589783.0,98.26,66.42,33.95,7429.0,""Johnson&Johnson, Oxford/AstraZeneca, Pfizer/BioNTech, Sinovac"",Ministry of Health,https://qsprod.saude.gov.br/extensions/DEMAS_C19Vacina/DEMAS_C19Vacina.html"
"Brazil,BRA,2021-09-12,210549234.0,142257204.0,72795741.0,273852.0,1404927.0,98.39,66.48,34.02,6565.0,""Johnson&Johnson, Oxford/AstraZeneca, Pfizer/BioNTech, Sinovac"",Ministry of Health,https://qsprod.saude.gov.br/extensions/DEMAS_C19Vacina/DEMAS_C19Vacina.html"
"Brazil,BRA,2021-09-13,,,,,1477325.0,,,,6904.0,""Johnson&Johnson, Oxford/AstraZeneca, Pfizer/BioNTech, Sinovac"",Ministry of Health,https://qsprod.saude.gov.br/extensions/DEMAS_C19Vacina/DEMAS_C19Vacina.html"
"Brazil,BRA,2021-09-14,214665906.0,143732460.0,75453129.0,,1652518.0,100.31,67.17,35.26,7722.0,""Johnson&Johnson, Oxford/AstraZeneca, Pfizer/BioNTech, Sinovac"",Ministry of Health,https://qsprod.saude.gov.br/extensions/DEMAS_C19Vacina/DEMAS_C19Vacina.html"
